<?xml version="1.0" encoding="utf-8"?>
<odoo>
    <data noupdate="1">
        <record id="group_ags_manager" model="res.groups">
            <field name="name">Console Repair Manager</field>
            <field name="category_id" ref="base.module_category_services"/>
        </record>
        <record id="group_ags_technician" model="res.groups">
            <field name="name">Console Repair Technician</field>
            <field name="category_id" ref="base.module_category_services"/>
        </record>
    </data>
</odoo>
