id,name,model_id:id,group_id:id,perm_read,perm_write,perm_create,perm_unlink
access_ags_customer_manager,ags.customer manager,model_ags_customer,ags_console_repair.group_ags_manager,1,1,1,1
access_ags_customer_technician,ags.customer technician,model_ags_customer,ags_console_repair.group_ags_technician,1,0,0,0
access_ags_console_manager,ags.console manager,model_ags_console,ags_console_repair.group_ags_manager,1,1,1,1
access_ags_console_technician,ags.console technician,model_ags_console,ags_console_repair.group_ags_technician,1,1,1,0
access_ags_repair_manager,ags.repair.order manager,model_ags_repair_order,ags_console_repair.group_ags_manager,1,1,1,1
access_ags_repair_technician,ags.repair.order technician,model_ags_repair_order,ags_console_repair.group_ags_technician,1,1,1,0
