<odoo>
    <record id="module_libreria_asj_category" model="ir.module.category">
        <field name="name">Librería ASJ</field>
        <field name="description">Categoría que une los grupos de la empresa Librería ASJ</field>
    </record>

    <record id="libreria_asj_group_sales" model="res.groups">
        <field name="name">Vendedores</field>
        <field name="category_id" ref="module_libreria_asj_category" />
        <field name="implied_ids" eval="[(4, ref('base.group_user'))]" />
    </record>

    <record id="libreria_asj_group_manager" model="res.groups">
        <field name="name">Managers</field>
        <field name="category_id" ref="module_libreria_asj_category" />
        <field name="implied_ids" eval="[(4, ref('libreria_asj_group_sales'))]" />
        <field name="users" eval="[(4, ref('base.user_root')),(4, ref('base.user_admin'))]" />
    </record>

    <record id="libreria_asj_group_client" model="res.groups">
        <field name="name">Clientes</field>
        <field name="category_id" ref="module_libreria_asj_category" />
    </record>

</odoo>
