id,name,model_id:id,group_id:id,perm_read,perm_write,perm_create,perm_unlink
access_clubdeportivo_grupo_profesor,clubdeportivo.grupo.profesor,model_clubdeportivo_grupo,clubdeportivo.group_clubdeportivo_profesor,1,1,0,0
access_clubdeportivo_profesor_profesor,clubdeportivo.profesor.profesor,model_clubdeportivo_profesor,clubdeportivo.group_clubdeportivo_profesor,1,0,0,0
access_clubdeportivo_alumno_profesor,clubdeportivo.alumno.profesor,model_clubdeportivo_alumno,clubdeportivo.group_clubdeportivo_profesor,1,1,1,1
access_clubdeportivo_grupo_administrador,clubdeportivo.grupo.administrador,model_clubdeportivo_grupo,clubdeportivo.group_clubdeportivo_administrador,1,1,1,1
access_clubdeportivo_profesor_administrador,clubdeportivo.profesor.administrador,model_clubdeportivo_profesor,clubdeportivo.group_clubdeportivo_administrador,1,1,1,1
access_clubdeportivo_alumno_administrador,clubdeportivo.alumno.administrador,model_clubdeportivo_alumno,clubdeportivo.group_clubdeportivo_administrador,1,1,1,1
