<?xml version="1.0" encoding="utf-8"?>
<odoo>
    <record id="seq_repair_order" model="ir.sequence">
        <field name="name">AGS Repair Order</field>
        <field name="code">ags.repair.order</field>
        <field name="prefix">RO-</field>
        <field name="padding">4</field>
    </record>
    <record id="user_gestor" model="res.users">
        <field name="name">Gestor</field>
        <field name="login">gestor</field>
        <field name="password">odoo</field>
        <field name="groups_id" eval="[(6, 0, [ref('group_ags_manager')])]"/>
    </record>
    <record id="user_tech" model="res.users">
        <field name="name">Empleado</field>
        <field name="login">empleado</field>
        <field name="password">odoo</field>
        <field name="groups_id" eval="[(6, 0, [ref('group_ags_technician')])]"/>
    </record>
    <record id="customer_mario" model="ags.customer">
        <field name="name">Mario Bros</field>
        <field name="email">mario@example.com</field>
        <field name="phone">123456789</field>
        <field name="address">Mushroom Kingdom 1</field>
        <field name="join_date">2025-01-15</field>
    </record>
    <record id="customer_link" model="ags.customer">
        <field name="name">Link Hero</field>
        <field name="email">link@example.com</field>
        <field name="phone">987654321</field>
        <field name="address">Hyrule Castle</field>
        <field name="join_date">2025-02-03</field>
    </record>
    <record id="console_mario_switch" model="ags.console">
        <field name="name">Switch OLED</field>
        <field name="serial_number">SW1234</field>
        <field name="console_type">switch</field>
        <field name="purchase_date">2022-11-20</field>
        <field name="in_warranty">True</field>
        <field name="customer_id" ref="customer_mario"/>
    </record>
    <record id="console_link_ps5" model="ags.console">
        <field name="name">PS5 Slim</field>
        <field name="serial_number">PS5555</field>
        <field name="console_type">ps</field>
        <field name="purchase_date">2023-05-10</field>
        <field name="in_warranty">False</field>
        <field name="customer_id" ref="customer_link"/>
    </record>
    <record id="repair_mario_switch" model="ags.repair.order">
        <field name="name">New</field>
        <field name="console_id" ref="console_mario_switch"/>
        <field name="start_date">2025-05-01</field>
        <field name="end_date">2025-05-05</field>
        <field name="issue_description">Drift en Joy-Con izquierdo</field>
        <field name="cost">45.00</field>
        <field name="state">done</field>
    </record>
</odoo>
