<odoo noupdate="1">
  <!-- Secuencia para las reparaciones -->
  <record id="seq_console_repair_order" model="ir.sequence">
    <field name="name">Console Repair Order</field>
    <field name="code">console.repair.order</field>
    <field name="prefix">RO-</field>
    <field name="padding">4</field>
  </record>

  <!-- Usuarios demo -->
  <record id="user_admin" model="res.users">
    <field name="name">Administrador</field>
    <field name="login">admin</field>
    <field name="password">odoo</field>
  </record>
  <record id="user_tec1" model="res.users">
    <field name="name">Técnico Uno</field>
    <field name="login">tec1</field>
    <field name="password">odoo</field>
  </record>
  <record id="user_tec2" model="res.users">
    <field name="name">Técnico Dos</field>
    <field name="login">tec2</field>
    <field name="password">odoo</field>
  </record>

  <!-- Tipos de servicio -->
  <record id="svc_general" model="console.repair.service.type">
    <field name="name">Diagnóstico General</field>
    <field name="price">20.0</field>
  </record>
  <record id="svc_power" model="console.repair.service.type">
    <field name="name">Cambio de Fuente</field>
    <field name="price">35.0</field>
  </record>
  <record id="svc_clean" model="console.repair.service.type">
    <field name="name">Limpieza Interna</field>
    <field name="price">15.0</field>
  </record>
  <record id="svc_ports" model="console.repair.service.type">
    <field name="name">Reparación de Puertos</field>
    <field name="price">40.0</field>
  </record>
  <record id="svc_firmware" model="console.repair.service.type">
    <field name="name">Actualización Firmware</field>
    <field name="price">25.0</field>
  </record>

  <!-- Clientes (res.partner) -->
  <record id="partner_luigi" model="res.partner">
    <field name="name">Luigi Bros</field>
    <field name="email">luigi@example.com</field>
  </record>
  <record id="partner_peach" model="res.partner">
    <field name="name">Princesa Peach</field>
    <field name="email">peach@example.com</field>
  </record>
  <record id="partner_bowser" model="res.partner">
    <field name="name">Bowser</field>
    <field name="email">bowser@example.com</field>
  </record>
  <record id="partner_link" model="res.partner">
    <field name="name">Link</field>
    <field name="email">link@example.com</field>
  </record>
  <record id="partner_samus" model="res.partner">
    <field name="name">Samus Aran</field>
    <field name="email">samus@example.com</field>
  </record>

  <!-- Consolas -->
  <record id="console_ps5_luigi" model="console.repair.console">
    <field name="brand">Sony</field>
    <field name="model">PlayStation 5</field>
    <field name="serial_number">PS5-LUIGI-001</field>
    <field name="owner_id" ref="partner_luigi"/>
    <field name="warranty">True</field>
    <field name="purchase_date">2024-02-10</field>
  </record>
  <record id="console_switch_peach" model="console.repair.console">
    <field name="brand">Nintendo</field>
    <field name="model">Switch OLED</field>
    <field name="serial_number">SW-PEACH-007</field>
    <field name="owner_id" ref="partner_peach"/>
    <field name="warranty">True</field>
    <field name="purchase_date">2023-11-05</field>
  </record>
  <record id="console_xbox_bowser" model="console.repair.console">
    <field name="brand">Microsoft</field>
    <field name="model">Xbox One</field>
    <field name="serial_number">XB-BOWSER-123</field>
    <field name="owner_id" ref="partner_bowser"/>
    <field name="warranty">False</field>
    <field name="purchase_date">2022-06-20</field>
  </record>
  <record id="console_psp_link" model="console.repair.console">
    <field name="brand">Sony</field>
    <field name="model">PSP-3000</field>
    <field name="serial_number">PSP-LINK-300</field>
    <field name="owner_id" ref="partner_link"/>
    <field name="warranty">False</field>
    <field name="purchase_date">2021-08-12</field>
  </record>
  <record id="console_n64_samus" model="console.repair.console">
    <field name="brand">Nintendo</field>
    <field name="model">Nintendo 64</field>
    <field name="serial_number">N64-SAMUS-064</field>
    <field name="owner_id" ref="partner_samus"/>
    <field name="warranty">False</field>
    <field name="purchase_date">1998-09-29</field>
  </record>

  <!-- Órdenes de reparación -->
  <record id="order1" model="console.repair.order">
    <field name="console_id" ref="console_switch_peach"/>
    <field name="service_type_id" ref="svc_clean"/>
    <field name="description">Joy-Con drift izquierdo.</field>
    <field name="assigned_user_id" ref="user_tec1"/>
    <field name="date_received">2025-05-01 10:00:00</field>
    <field name="date_promised">2025-05-03 18:00:00</field>
    <field name="labor_cost">15.0</field>
    <field name="parts_cost">0.0</field>
    <field name="state">diagnosed</field>
  </record>

  <record id="order2" model="console.repair.order">
    <field name="console_id" ref="console_ps5_luigi"/>
    <field name="service_type_id" ref="svc_power"/>
    <field name="description">La consola no enciende.</field>
    <field name="assigned_user_id" ref="user_tec2"/>
    <field name="date_received">2025-04-28 09:30:00</field>
    <field name="date_promised">2025-05-02 17:00:00</field>
    <field name="labor_cost">35.0</field>
    <field name="parts_cost">0.0</field>
    <field name="state">waiting_parts</field>
  </record>

  <record id="order3" model="console.repair.order">
    <field name="console_id" ref="console_xbox_bowser"/>
    <field name="service_type_id" ref="svc_ports"/>
    <field name="description">Puerto HDMI roto.</field>
    <field name="assigned_user_id" ref="user_tec1"/>
    <field name="date_received">2025-04-25 14:15:00</field>
    <field name="date_promised">2025-04-30 16:00:00</field>
    <field name="labor_cost">25.0</field>
    <field name="parts_cost">40.0</field>
    <field name="state">repaired</field>
    <field name="date_done">2025-04-29 11:00:00</field>
  </record>

  <record id="order4" model="console.repair.order">
    <field name="console_id" ref="console_psp_link"/>
    <field name="service_type_id" ref="svc_firmware"/>
    <field name="description">Actualización de firmware.</field>
    <field name="assigned_user_id" ref="user_tec2"/>
    <field name="date_received">2025-03-15 12:00:00</field>
    <field name="date_promised">2025-03-17 15:00:00</field>
    <field name="labor_cost">20.0</field>
    <field name="parts_cost">0.0</field>
    <field name="state">delivered</field>
    <field name="date_done">2025-03-16 10:30:00</field>
  </record>

  <record id="order5" model="console.repair.order">
    <field name="console_id" ref="console_n64_samus"/>
    <field name="service_type_id" ref="svc_general"/>
    <field name="description">No lee cartuchos.</field>
    <field name="assigned_user_id" ref="user_tec1"/>
    <field name="date_received">2025-02-20 09:00:00</field>
    <field name="date_promised">2025-02-23 17:00:00</field>
    <field name="labor_cost">20.0</field>
    <field name="parts_cost">10.0</field>
    <field name="state">cancel</field>
  </record>
</odoo>
