<?xml version="1.0" ?>
<odoo>
    <record id="module_centro_deportivo_category" model="ir.module.category">
        <field name="name">Centro Deportivo</field>
        <field name="description">Ayuda a gestionar un complejo deportivo</field>
    </record>

    <record id="centro_deportivo_group_user" model="res.groups">
        <field name="name">Usuario</field>
        <field name="category_id" ref="module_centro_deportivo_category" />
        <field name="implied_ids" eval="[(4, ref('base.group_user'))]" />
    </record>

    <record id="centro_deportivo_group_manager" model="res.groups">
        <field name="name">Manager</field>
        <field name="category_id" ref="module_centro_deportivo_category" />
        <field name="implied_ids" eval="[(4, ref('centro_deportivo_group_user'))]" />
        <field name="users" eval="[(4, ref('base.user_root')),(4, ref('base.group_erp_manager'))]" />
    </record>
</odoo>